{
  "project_info": {
    "project_number": "551493161888",
    "firebase_url": "https://appathonq3.firebaseio.com",
    "project_id": "appathonq3",
    "storage_bucket": "appathonq3.appspot.com"
  },
  "client": [
    {
      "client_info": {
        "mobilesdk_app_id": "1:551493161888:android:bf20d2e6c9c74c4a",
        "android_client_info": {
          "package_name": "com.example.amanat.appathonq3"
        }
      },
      "oauth_client": [
        {
          "client_id": "551493161888-0k0ltsuthfqh6gjtr7mvo080bm2afe8r.apps.googleusercontent.com",
          "client_type": 1,
          "android_info": {
            "package_name": "com.example.amanat.appathonq3",
            "certificate_hash": "5908718b11638664b0e437a18f83aa3caef604e4"
          }
        },
        {
          "client_id": "551493161888-i1n0p5o0gm8r412u7qvtvq6690qdgdd9.apps.googleusercontent.com",
          "client_type": 3
        }
      ],
      "api_key": [
        {
          "current_key": "AIzaSyBwAr1BkbPUwx1WU-pisa9d7udhFUjVMas"
        }
      ],
      "services": {
        "analytics_service": {
          "status": 1
        },
        "appinvite_service": {
          "status": 2,
          "other_platform_oauth_client": [
            {
              "client_id": "551493161888-i1n0p5o0gm8r412u7qvtvq6690qdgdd9.apps.googleusercontent.com",
              "client_type": 3
            }
          ]
        },
        "ads_service": {
          "status": 2
        }
      }
    }
  ],
  "configuration_version": "1"
}